"STATEFIP","perc_su_22","stname","stusps"
"1",0.134233663621433,"Alabama","AL"
"2",0.683725365543548,"Alaska","AK"
"4",0.165739072342948,"Arizona","AZ"
"5",0.0675006226994726,"Arkansas","AR"
"6",0.139185342996747,"California","CA"
"8",0.0506330076417158,"Colorado","CO"
"9",0.498865778459375,"Connecticut","CT"
"10",0.763721676853738,"Delaware","DE"
"11",0.0216094140021396,"District of Columbia","DC"
"12",0.99907248219368,"Florida","FL"
"13",0.999163926650642,"Georgia","GA"
"15",0.220436529482028,"Hawaii","HI"
"16",0.106865199631045,"Idaho","ID"
"17",0.0601501006772835,"Illinois","IL"
"18",0.184714657415436,"Indiana","IN"
"19",0.103495336532866,"Iowa","IA"
"20",NA,"Kansas","KS"
"21",0.240379883215175,"Kentucky","KY"
"22",0.946320385907957,"Louisiana","LA"
"24",0.174113982974781,"Maryland","MD"
"25",0.998277417767205,"Massachusetts","MA"
"26",0.878034942807408,"Michigan","MI"
"27",0.254029243528002,"Minnesota","MN"
"28",0.752919379693052,"Mississippi","MS"
"29",0.386046449865218,"Missouri","MO"
"30",0.347398469247838,"Montana","MT"
"31",0.998428872828478,"Nebraska","NE"
"32",0.115664746168061,"Nevada","NV"
"33",0.222767374864962,"New Hampshire","NH"
"34",0.0851835688843496,"New Jersey","NJ"
"35",0.213657908486976,"New Mexico","NM"
"36",0.448508781045411,"New York","NY"
"37",0.00202070444865833,"North Carolina","NC"
"38",0.393241167434715,"North Dakota","ND"
"39",0.996654619714904,"Ohio","OH"
"40",0.91459276977624,"Oklahoma","OK"
"41",0.20662394407224,"Oregon","OR"
"42",0.725183208085962,"Pennsylvania","PA"
"44",0.358877417478551,"Rhode Island","RI"
"45",0.194441338226474,"South Carolina","SC"
"46",NA,"South Dakota","SD"
"47",0.260733386154305,"Tennessee","TN"
"48",0.169032458666232,"Texas","TX"
"49",0.10158190395226,"Utah","UT"
"50",NA,"Vermont","VT"
"51",0.319326103795509,"Virginia","VA"
"53",0.101187420250693,"Washington","WA"
"54",0.711806486196731,"West Virginia","WV"
"55",0.0610523629971923,"Wisconsin","WI"
"56",0.0940164866401368,"Wyoming","WY"
"72",0.918582736524688,NA,NA
"99",0.211019929660023,NA,NA
"23",NA,"Maine","ME"
